"","x"
"1","WFG1_10_500normal_noisy.csv"
"2","WFG1_10_500normal.csv"
"3","WFG1_10_500uniform_noisy.csv"
"4","WFG1_10_500uniform.csv"
"5","WFG2_10_500normal_noisy.csv"
"6","WFG2_10_500normal.csv"
"7","WFG2_10_500uniform_noisy.csv"
"8","WFG2_10_500uniform.csv"
"9","WFG3_10_500normal_noisy.csv"
"10","WFG3_10_500normal.csv"
"11","WFG3_10_500uniform_noisy.csv"
"12","WFG3_10_500uniform.csv"
"13","WFG4_10_500normal_noisy.csv"
"14","WFG4_10_500normal.csv"
"15","WFG4_10_500uniform_noisy.csv"
"16","WFG4_10_500uniform.csv"
"17","WFG5_10_500normal_noisy.csv"
"18","WFG5_10_500normal.csv"
"19","WFG5_10_500uniform_noisy.csv"
"20","WFG5_10_500uniform.csv"
"21","WFG6_10_500normal_noisy.csv"
"22","WFG6_10_500normal.csv"
"23","WFG6_10_500uniform_noisy.csv"
"24","WFG6_10_500uniform.csv"
"25","WFG7_10_500normal_noisy.csv"
"26","WFG7_10_500normal.csv"
"27","WFG7_10_500uniform_noisy.csv"
"28","WFG7_10_500uniform.csv"
"29","WFG8_10_500normal_noisy.csv"
"30","WFG8_10_500normal.csv"
"31","WFG8_10_500uniform_noisy.csv"
"32","WFG8_10_500uniform.csv"
"33","WFG9_10_500normal_noisy.csv"
"34","WFG9_10_500normal.csv"
"35","WFG9_10_500uniform_noisy.csv"
"36","WFG9_10_500uniform.csv"
